{"train_loss_step": 0.5695328116416931, "gpu_id: 0/memory.used (MB)": 18645.0, "epoch": 7, "trainer/global_step": 3167, "_timestamp": 1690268978.9653223, "_runtime": 5838.207194328308, "_step": 78, "train_loss_epoch": 0.9090560078620911, "pearson": 0.6416075825691223, "kendall": 0.46428990364074707, "spearman": 0.5971083045005798, "avg_loss": 1.559077262878418, "train_pearson": 0.8457953929901123, "train_kendall": 0.6676943898200989, "train_spearman": 0.8146718144416809, "train_avg_loss": 0.7449416518211365, "_wandb": {"runtime": 5838}}