{"train_loss_epoch": 1.1313838958740234, "gpu_id: 0/memory.used (MB)": 13882.0, "epoch": 8, "trainer/global_step": 143, "_timestamp": 1690155575.7031603, "_runtime": 213.68818926811218, "_step": 19, "pearson": 0.4666578769683838, "kendall": 0.30697524547576904, "spearman": 0.406333863735199, "avg_loss": 1.9788730144500732, "train_pearson": 0.7832705974578857, "train_kendall": 0.5549215078353882, "train_spearman": 0.6983351707458496, "train_avg_loss": 1.046347975730896, "train_loss_step": 1.378159999847412, "_wandb": {"runtime": 213}}