{"train_loss_step": 0.07047662138938904, "gpu_id: 0/memory.used (MB)": 14267.0, "epoch": 3, "trainer/global_step": 1583, "_timestamp": 1691968318.456391, "_runtime": 3147.3624091148376, "_step": 38, "train_loss_epoch": 0.15254056453704834, "pearson": 0.6481998562812805, "kendall": 0.4412675201892853, "spearman": 0.5716937184333801, "avg_loss": 0.24752530455589294, "train_pearson": 0.827691376209259, "train_kendall": 0.6240968108177185, "train_spearman": 0.7715179324150085, "train_avg_loss": 0.14071059226989746, "_wandb": {"runtime": 3147}}