{"train_loss_epoch": 1.3139389753341675, "gpu_id: 0/memory.used (MB)": 13707.0, "epoch": 6, "trainer/global_step": 111, "_timestamp": 1690177024.087513, "_runtime": 159.84268999099731, "_step": 15, "pearson": 0.4176352918148041, "kendall": 0.2739624083042145, "spearman": 0.3654112219810486, "avg_loss": 2.1635022163391113, "train_pearson": 0.7852509021759033, "train_kendall": 0.5788533687591553, "train_spearman": 0.7266167402267456, "train_avg_loss": 1.0427790880203247, "train_loss_step": 1.4548351764678955, "_wandb": {"runtime": 159}}