{"train_loss_epoch": 1.8514145612716675, "gpu_id: 0/memory.used (MB)": 14576.0, "epoch": 2, "trainer/global_step": 47, "_timestamp": 1691398245.1821132, "_runtime": 134.01866126060486, "_step": 5, "pearson": 0.44432535767555237, "kendall": 0.2776936888694763, "spearman": 0.370461106300354, "avg_loss": 2.196911573410034, "train_pearson": 0.6391486525535583, "train_kendall": 0.457306444644928, "train_spearman": 0.5908174514770508, "train_avg_loss": 1.6305818557739258, "_wandb": {"runtime": 134}}