{"train_loss_epoch": 0.1489821970462799, "gpu_id: 0/memory.used (MB)": 14368.0, "epoch": 8, "trainer/global_step": 143, "_timestamp": 1691965094.7437947, "_runtime": 377.34933972358704, "_step": 19, "pearson": 0.5418495535850525, "kendall": 0.33973613381385803, "spearman": 0.44731953740119934, "avg_loss": 0.28413283824920654, "train_pearson": 0.85260009765625, "train_kendall": 0.6142281293869019, "train_spearman": 0.7596476674079895, "train_avg_loss": 0.1211269423365593, "train_loss_step": 0.22437623143196106, "_wandb": {"runtime": 377}}