{"train_loss_step": 0.3732823431491852, "gpu_id: 0/memory.used (MB)": 17685.0, "epoch": 4, "trainer/global_step": 1979, "_timestamp": 1690717696.3287165, "_runtime": 3548.402550458908, "_step": 47, "train_loss_epoch": 0.46541258692741394, "pearson": 0.6636414527893066, "kendall": 0.4581306576728821, "spearman": 0.5901301503181458, "avg_loss": 0.725447416305542, "train_pearson": 0.7979042530059814, "train_kendall": 0.5940812826156616, "train_spearman": 0.743794322013855, "train_avg_loss": 0.5105059146881104, "_wandb": {"runtime": 3755}}