{"train_loss_step": 1.6756685972213745, "gpu_id: 0/memory.used (MB)": 16726.0, "epoch": 1, "trainer/global_step": 449, "_timestamp": 1691235093.7307067, "_runtime": 810.0125856399536, "_step": 10, "train_loss_epoch": 1.7953882217407227, "pearson": 0.6093042492866516, "kendall": 0.4219056963920593, "spearman": 0.5477926731109619, "avg_loss": 1.8270399570465088, "train_pearson": 0.6923538446426392, "train_kendall": 0.509111762046814, "train_spearman": 0.6528743505477905, "train_avg_loss": 1.5640853643417358, "_wandb": {"runtime": 838}}