{"train_loss_epoch": 1.4673057794570923, "gpu_id: 0/memory.used (MB)": 14522.0, "epoch": 5, "trainer/global_step": 95, "_timestamp": 1690147588.616517, "_runtime": 141.9436149597168, "_step": 12, "pearson": 0.3722730875015259, "kendall": 0.2446044534444809, "spearman": 0.32857775688171387, "avg_loss": 2.222095012664795, "train_pearson": 0.7411564588546753, "train_kendall": 0.550244927406311, "train_spearman": 0.6985848546028137, "train_avg_loss": 1.3707175254821777, "train_loss_step": 2.208401679992676, "_wandb": {"runtime": 141}}