{"train_loss_epoch": 1.3986345529556274, "gpu_id: 0/memory.used (MB)": 14630.0, "epoch": 5, "trainer/global_step": 95, "_timestamp": 1690146327.3007462, "_runtime": 144.22285628318787, "_step": 12, "pearson": 0.3630215525627136, "kendall": 0.23346300423145294, "spearman": 0.3141060471534729, "avg_loss": 2.5759668350219727, "train_pearson": 0.7396695017814636, "train_kendall": 0.5558147430419922, "train_spearman": 0.7030684947967529, "train_avg_loss": 1.6896642446517944, "train_loss_step": 2.212542772293091, "_wandb": {"runtime": 144}}