{"train_loss_step": 0.649339497089386, "gpu_id: 0/memory.used (MB)": 18029.0, "epoch": 9, "trainer/global_step": 3959, "_timestamp": 1690161431.3320036, "_runtime": 4231.2310926914215, "_step": 98, "train_loss_epoch": 0.9343471527099609, "pearson": 0.5242856740951538, "kendall": 0.3790544867515564, "spearman": 0.49786871671676636, "avg_loss": 1.877050518989563, "train_pearson": 0.828436017036438, "train_kendall": 0.6573617458343506, "train_spearman": 0.8069832921028137, "train_avg_loss": 0.8150857090950012, "_wandb": {"runtime": 4231}}