{"train_loss_epoch": 0.39903560280799866, "gpu_id: 0/memory.used (MB)": 12865.0, "epoch": 9, "trainer/global_step": 159, "_timestamp": 1690713956.9658632, "_runtime": 414.1213231086731, "_step": 22, "pearson": 0.5390293002128601, "kendall": 0.3401089012622833, "spearman": 0.44727441668510437, "avg_loss": 0.8061062097549438, "train_pearson": 0.8568342924118042, "train_kendall": 0.6329949498176575, "train_spearman": 0.779420018196106, "train_avg_loss": 0.3463377058506012, "train_loss_step": 0.1167588084936142, "_wandb": {"runtime": 413}}