{"train_loss_step": 1.1903009414672852, "gpu_id: 0/memory.used (MB)": 17106.0, "epoch": 5, "trainer/global_step": 1249, "_timestamp": 1691015591.7269425, "_runtime": 1633.6070244312286, "_step": 34, "train_loss_epoch": 2.04384183883667, "pearson": 0.5885975956916809, "kendall": 0.41909027099609375, "spearman": 0.5436074137687683, "avg_loss": 1.629854440689087, "train_pearson": 0.7446849942207336, "train_kendall": 0.5817113518714905, "train_spearman": 0.7319980263710022, "train_avg_loss": 1.4688200950622559, "_wandb": {"runtime": 1673}}