{"train_loss_epoch": 4.998177528381348, "gpu_id: 0/memory.used (MB)": 15732.0, "epoch": 2, "trainer/global_step": 47, "_timestamp": 1690517651.594893, "_runtime": 133.28631901741028, "_step": 5, "pearson": 0.013694263063371181, "kendall": 0.023926492780447006, "spearman": 0.03299730271100998, "avg_loss": 2.455535888671875, "train_pearson": 0.026562277227640152, "train_kendall": 0.020588260143995285, "train_spearman": 0.027641769498586655, "train_avg_loss": 2.6565418243408203, "_wandb": {"runtime": 133}}