{"train_loss_epoch": 1.480160117149353, "gpu_id: 0/memory.used (MB)": 14420.0, "epoch": 4, "trainer/global_step": 79, "_timestamp": 1690148402.4297884, "_runtime": 117.81078028678894, "_step": 10, "pearson": 0.37436383962631226, "kendall": 0.2534722089767456, "spearman": 0.33995184302330017, "avg_loss": 3.0888006687164307, "train_pearson": 0.7116832733154297, "train_kendall": 0.5402041077613831, "train_spearman": 0.683844268321991, "train_avg_loss": 2.2114484310150146, "train_loss_step": 2.118856906890869, "_wandb": {"runtime": 117}}