{"train_loss_step": 1.3567309379577637, "gpu_id: 0/memory.used (MB)": 18957.0, "epoch": 3, "trainer/global_step": 1549, "_timestamp": 1690248270.250428, "_runtime": 6773.224009037018, "_step": 36, "train_loss_epoch": 1.2222405672073364, "pearson": 0.6322198510169983, "kendall": 0.44995126128196716, "spearman": 0.5808826684951782, "avg_loss": 1.6981227397918701, "train_pearson": 0.7623032331466675, "train_kendall": 0.5839073061943054, "train_spearman": 0.7338153123855591, "train_avg_loss": 1.2335193157196045, "_wandb": {"runtime": 6825}}