{"train_loss_epoch": 1.7355210781097412, "gpu_id: 0/memory.used (MB)": 13806.0, "epoch": 9, "trainer/global_step": 159, "_timestamp": 1690178704.251464, "_runtime": 224.87283396720886, "_step": 22, "pearson": 0.2097085416316986, "kendall": 0.14391274750232697, "spearman": 0.19407765567302704, "avg_loss": 2.6799192428588867, "train_pearson": 0.6675767302513123, "train_kendall": 0.48940399289131165, "train_spearman": 0.6285602450370789, "train_avg_loss": 1.5777779817581177, "train_loss_step": 1.7408053874969482, "_wandb": {"runtime": 224}}