{"train_loss_step": 1.25693678855896, "gpu_id: 0/memory.used (MB)": 18608.0, "epoch": 2, "trainer/global_step": 1187, "_timestamp": 1690275554.6012554, "_runtime": 2197.082462310791, "_step": 28, "train_loss_epoch": 1.2011346817016602, "pearson": 0.6387549638748169, "kendall": 0.4569195508956909, "spearman": 0.5889025330543518, "avg_loss": 1.5256751775741577, "train_pearson": 0.7822413444519043, "train_kendall": 0.5925072431564331, "train_spearman": 0.742290735244751, "train_avg_loss": 1.002779483795166, "_wandb": {"runtime": 2197}}