{"train_loss_epoch": 0.7914114594459534, "gpu_id: 0/memory.used (MB)": 13851.0, "epoch": 13, "trainer/global_step": 223, "_timestamp": 1690178455.5166848, "_runtime": 310.98601388931274, "_step": 31, "pearson": 0.481857031583786, "kendall": 0.3308200240135193, "spearman": 0.43548014760017395, "avg_loss": 1.9018138647079468, "train_pearson": 0.8777536749839783, "train_kendall": 0.6796691417694092, "train_spearman": 0.8204299211502075, "train_avg_loss": 0.6254391670227051, "train_loss_step": 1.085739016532898, "_wandb": {"runtime": 310}}