{"train_loss_epoch": 1.085421085357666, "gpu_id: 0/memory.used (MB)": 13568.0, "epoch": 10, "trainer/global_step": 175, "_timestamp": 1690177313.1671584, "_runtime": 249.11296248435974, "_step": 24, "pearson": 0.4893316924571991, "kendall": 0.3165583610534668, "spearman": 0.4186475872993469, "avg_loss": 2.215096950531006, "train_pearson": 0.787730872631073, "train_kendall": 0.5631914734840393, "train_spearman": 0.7019591927528381, "train_avg_loss": 1.0855941772460938, "train_loss_step": 0.8809025883674622, "_wandb": {"runtime": 248}}