{"train_loss_epoch": 1.0790715217590332, "gpu_id: 0/memory.used (MB)": 14571.0, "epoch": 9, "trainer/global_step": 159, "_timestamp": 1690145732.4494252, "_runtime": 241.90679717063904, "_step": 22, "pearson": 0.36219820380210876, "kendall": 0.24977988004684448, "spearman": 0.3355662524700165, "avg_loss": 2.7239859104156494, "train_pearson": 0.8088166117668152, "train_kendall": 0.62457674741745, "train_spearman": 0.7716380953788757, "train_avg_loss": 1.4049397706985474, "train_loss_step": 1.4695566892623901, "_wandb": {"runtime": 242}}