{"train_loss_epoch": 0.7747777700424194, "gpu_id: 0/memory.used (MB)": 13878.0, "epoch": 21, "trainer/global_step": 351, "_timestamp": 1690157105.1276615, "_runtime": 513.2974424362183, "_step": 50, "pearson": 0.4312708079814911, "kendall": 0.29551413655281067, "spearman": 0.39523568749427795, "avg_loss": 2.065236806869507, "train_pearson": 0.8563346266746521, "train_kendall": 0.6425302028656006, "train_spearman": 0.789970338344574, "train_avg_loss": 0.7160841226577759, "train_loss_step": 0.7260012030601501, "_wandb": {"runtime": 513}}