{"train_loss_step": 1.449384331703186, "gpu_id: 0/memory.used (MB)": 18159.0, "epoch": 1, "trainer/global_step": 549, "_timestamp": 1690162456.6418858, "_runtime": 550.6327588558197, "_step": 12, "train_loss_epoch": 2.322401285171509, "pearson": 0.3012695610523224, "kendall": 0.20873138308525085, "spearman": 0.28153231739997864, "avg_loss": 2.25272798538208, "train_pearson": 0.40198323130607605, "train_kendall": 0.2899850308895111, "train_spearman": 0.39193207025527954, "train_avg_loss": 2.149207830429077, "_wandb": {"runtime": 605}}