{"train_loss_epoch": 1.9845246076583862, "gpu_id: 0/memory.used (MB)": 14423.0, "epoch": 3, "trainer/global_step": 63, "_timestamp": 1690144137.174174, "_runtime": 86.49514198303223, "_step": 7, "pearson": 0.3063529133796692, "kendall": 0.20460283756256104, "spearman": 0.2755983769893646, "avg_loss": 2.301156520843506, "train_pearson": 0.5692015886306763, "train_kendall": 0.4239984452724457, "train_spearman": 0.5578736662864685, "train_avg_loss": 1.925696849822998, "train_loss_step": 2.136136054992676, "_wandb": {"runtime": 94}}