{"train_loss_step": 0.6841372847557068, "gpu_id: 0/memory.used (MB)": 18117.0, "epoch": 6, "trainer/global_step": 1686, "_timestamp": 1691020845.4453576, "_runtime": 4390.105164527893, "_step": 46, "train_loss_epoch": 1.0455090999603271, "pearson": 0.6325324177742004, "kendall": 0.45481833815574646, "spearman": 0.5861892104148865, "avg_loss": 1.5483167171478271, "train_pearson": 0.805471658706665, "train_kendall": 0.6487443447113037, "train_spearman": 0.7985531091690063, "train_avg_loss": 0.9364022016525269, "_wandb": {"runtime": 4390}}