{"train_loss_epoch": 1.2860708236694336, "gpu_id: 0/memory.used (MB)": 14108.0, "epoch": 5, "trainer/global_step": 95, "_timestamp": 1690161636.001708, "_runtime": 147.03278613090515, "_step": 12, "pearson": 0.43685466051101685, "kendall": 0.30026036500930786, "spearman": 0.39855384826660156, "avg_loss": 2.775815963745117, "train_pearson": 0.7338522672653198, "train_kendall": 0.4892798960208893, "train_spearman": 0.6094629168510437, "train_avg_loss": 1.4624017477035522, "train_loss_step": 1.4004571437835693, "_wandb": {"runtime": 146}}