{"train_loss_epoch": 0.9411798715591431, "gpu_id: 0/memory.used (MB)": 14522.0, "epoch": 9, "trainer/global_step": 159, "_timestamp": 1690196895.797243, "_runtime": 422.1266670227051, "_step": 22, "pearson": 0.5000921487808228, "kendall": 0.3385816514492035, "spearman": 0.4439128041267395, "avg_loss": 1.8763103485107422, "train_pearson": 0.850775957107544, "train_kendall": 0.6484179496765137, "train_spearman": 0.7961903810501099, "train_avg_loss": 0.7458227872848511, "train_loss_step": 0.33064189553260803, "_wandb": {"runtime": 421}}