{"train_loss_epoch": 1.1689379215240479, "gpu_id: 0/memory.used (MB)": 12781.0, "epoch": 5, "trainer/global_step": 95, "_timestamp": 1691016379.1097028, "_runtime": 257.28641271591187, "_step": 12, "pearson": 0.5006437301635742, "kendall": 0.3332383930683136, "spearman": 0.43997424840927124, "avg_loss": 1.8538284301757812, "train_pearson": 0.7967270612716675, "train_kendall": 0.5920728445053101, "train_spearman": 0.7404564619064331, "train_avg_loss": 1.014953851699829, "train_loss_step": 1.922713041305542, "_wandb": {"runtime": 256}}