{"train_loss_step": 1.1629841327667236, "gpu_id: 0/memory.used (MB)": 14271.0, "epoch": 2, "trainer/global_step": 1187, "_timestamp": 1691657113.970076, "_runtime": 2195.1700191497803, "_step": 28, "train_loss_epoch": 1.0653111934661865, "pearson": 0.6149992346763611, "kendall": 0.44030019640922546, "spearman": 0.570411205291748, "avg_loss": 1.6838033199310303, "train_pearson": 0.8083498477935791, "train_kendall": 0.6308433413505554, "train_spearman": 0.7800789475440979, "train_avg_loss": 0.9694032669067383, "_wandb": {"runtime": 2195}}