{"train_loss_epoch": 18.716737747192383, "gpu_id: 0/memory.used (MB)": 15730.0, "epoch": 1, "trainer/global_step": 31, "_timestamp": 1690518112.4961565, "_runtime": 66.89684534072876, "_step": 2, "pearson": 0.06191375106573105, "kendall": 0.06949050724506378, "spearman": 0.09326301515102386, "avg_loss": 16.8125, "train_pearson": 0.020844724029302597, "train_kendall": 0.009328748099505901, "train_spearman": 0.012635018676519394, "train_avg_loss": 18.883176803588867, "_wandb": {"runtime": 71}}