{"train_loss_epoch": 16.155576705932617, "gpu_id: 0/memory.used (MB)": 14369.0, "epoch": 2, "trainer/global_step": 47, "_timestamp": 1691961571.2548063, "_runtime": 126.94499230384827, "_step": 5, "pearson": 0.1339438557624817, "kendall": 0.1052856519818306, "spearman": 0.141365185379982, "avg_loss": 17.250438690185547, "train_pearson": 0.1677868515253067, "train_kendall": 0.19395577907562256, "train_spearman": 0.2576105296611786, "train_avg_loss": 16.29326820373535, "_wandb": {"runtime": 127}}