{"train_loss_step": 0.2405080795288086, "gpu_id: 0/memory.used (MB)": 14266.0, "epoch": 3, "trainer/global_step": 1349, "_timestamp": 1691964656.743173, "_runtime": 2673.4554109573364, "_step": 32, "train_loss_epoch": 0.4465171992778778, "pearson": 0.6338861584663391, "kendall": 0.4413391053676605, "spearman": 0.5713692903518677, "avg_loss": 0.6208707094192505, "train_pearson": 0.8212790489196777, "train_kendall": 0.6332929730415344, "train_spearman": 0.7815933227539062, "train_avg_loss": 0.34203052520751953, "_wandb": {"runtime": 2689}}