{"train_loss_step": 0.9737164974212646, "gpu_id: 0/memory.used (MB)": 16944.0, "epoch": 1, "trainer/global_step": 299, "_timestamp": 1691016086.3329322, "_runtime": 387.639395236969, "_step": 7, "train_loss_epoch": 2.007772445678711, "pearson": 0.5865429043769836, "kendall": 0.4160573482513428, "spearman": 0.5403107404708862, "avg_loss": 1.6541023254394531, "train_pearson": 0.6575809121131897, "train_kendall": 0.49114760756492615, "train_spearman": 0.6326074600219727, "train_avg_loss": 1.4817827939987183, "_wandb": {"runtime": 403}}