{"train_loss_step": 1.1049518585205078, "gpu_id: 0/memory.used (MB)": 19283.0, "epoch": 3, "trainer/global_step": 1349, "_timestamp": 1690262862.3844287, "_runtime": 14379.840777635574, "_step": 32, "train_loss_epoch": 1.2451562881469727, "pearson": 0.6324787139892578, "kendall": 0.44970279932022095, "spearman": 0.5804343223571777, "avg_loss": 1.5721510648727417, "train_pearson": 0.7707697749137878, "train_kendall": 0.5806018710136414, "train_spearman": 0.7302982211112976, "train_avg_loss": 1.066898226737976, "_wandb": {"runtime": 14415}}