{"train_loss_epoch": 1.843868613243103, "gpu_id: 0/memory.used (MB)": 12781.0, "epoch": 3, "trainer/global_step": 49, "_timestamp": 1690518270.0655608, "_runtime": 132.0662488937378, "_step": 6, "pearson": 0.44910314679145813, "kendall": 0.28272849321365356, "spearman": 0.37721315026283264, "avg_loss": 2.1967806816101074, "train_pearson": 0.6503188014030457, "train_kendall": 0.4662122428417206, "train_spearman": 0.6014173626899719, "train_avg_loss": 1.5960042476654053, "train_loss_step": 1.922713041305542, "_wandb": {"runtime": 134}}