{"train_loss_epoch": 18.716737747192383, "gpu_id: 0/memory.used (MB)": 15729.0, "epoch": 1, "trainer/global_step": 31, "_timestamp": 1690518019.40268, "_runtime": 89.01904392242432, "_step": 3, "pearson": 0.06200992316007614, "kendall": 0.07372958958148956, "spearman": 0.09996286779642105, "avg_loss": 16.8125, "train_pearson": 0.017766106873750687, "train_kendall": 0.0045434883795678616, "train_spearman": 0.006120414473116398, "train_avg_loss": 18.883176803588867, "_wandb": {"runtime": 102}}