{"train_loss_step": 1.75565505027771, "gpu_id: 0/memory.used (MB)": 16602.0, "epoch": 2, "trainer/global_step": 1187, "_timestamp": 1690524440.2536688, "_runtime": 5269.435707807541, "_step": 28, "train_loss_epoch": 1.8571490049362183, "pearson": 0.637168824672699, "kendall": 0.4568679928779602, "spearman": 0.5887867212295532, "avg_loss": 2.5888590812683105, "train_pearson": 0.7736729979515076, "train_kendall": 0.5957310199737549, "train_spearman": 0.7456904053688049, "train_avg_loss": 1.8470840454101562, "_wandb": {"runtime": 5269}}