{"train_loss_epoch": 1.365067720413208, "gpu_id: 0/memory.used (MB)": 14425.0, "epoch": 5, "trainer/global_step": 95, "_timestamp": 1690144502.5012705, "_runtime": 144.82093262672424, "_step": 12, "pearson": 0.4087848663330078, "kendall": 0.2736804783344269, "spearman": 0.3663879930973053, "avg_loss": 2.365062713623047, "train_pearson": 0.7420395016670227, "train_kendall": 0.5560474395751953, "train_spearman": 0.7039061784744263, "train_avg_loss": 1.5265659093856812, "train_loss_step": 2.035130500793457, "_wandb": {"runtime": 144}}