{"train_loss_step": 1.2600958347320557, "gpu_id: 0/memory.used (MB)": 19109.0, "epoch": 6, "trainer/global_step": 2771, "_timestamp": 1691463258.513105, "_runtime": 5050.892056941986, "_step": 68, "train_loss_epoch": 0.9400113224983215, "pearson": 0.6459357738494873, "kendall": 0.4650368392467499, "spearman": 0.5977598428726196, "avg_loss": 1.5265700817108154, "train_pearson": 0.8029248118400574, "train_kendall": 0.6153010129928589, "train_spearman": 0.7616000175476074, "train_avg_loss": 0.8896850347518921, "_wandb": {"runtime": 5051}}