{"train_loss_epoch": 0.9330251812934875, "gpu_id: 0/memory.used (MB)": 13841.0, "epoch": 9, "trainer/global_step": 159, "_timestamp": 1690185081.9840682, "_runtime": 419.142902135849, "_step": 22, "pearson": 0.44425785541534424, "kendall": 0.2965030372142792, "spearman": 0.3922073543071747, "avg_loss": 2.0802106857299805, "train_pearson": 0.8495684862136841, "train_kendall": 0.6500658988952637, "train_spearman": 0.7965460419654846, "train_avg_loss": 0.7742575407028198, "train_loss_step": 1.2111964225769043, "_wandb": {"runtime": 419}}