{"train_loss_step": 1.4997823238372803, "gpu_id: 0/memory.used (MB)": 18307.0, "epoch": 5, "trainer/global_step": 2375, "_timestamp": 1691454159.2103498, "_runtime": 4391.915873765945, "_step": 58, "train_loss_epoch": 0.9835361242294312, "pearson": 0.6428754329681396, "kendall": 0.46149998903274536, "spearman": 0.5939484238624573, "avg_loss": 1.5975438356399536, "train_pearson": 0.8126493692398071, "train_kendall": 0.617575466632843, "train_spearman": 0.7617358565330505, "train_avg_loss": 0.9282466769218445, "_wandb": {"runtime": 4392}}