{"train_loss_epoch": 1.5063049793243408, "gpu_id: 0/memory.used (MB)": 14657.0, "epoch": 5, "trainer/global_step": 95, "_timestamp": 1690145464.526938, "_runtime": 143.87961602210999, "_step": 12, "pearson": 0.2671949863433838, "kendall": 0.1692076325416565, "spearman": 0.22847595810890198, "avg_loss": 2.603707790374756, "train_pearson": 0.730901837348938, "train_kendall": 0.5446593761444092, "train_spearman": 0.6892186403274536, "train_avg_loss": 1.5527702569961548, "train_loss_step": 2.4027762413024902, "_wandb": {"runtime": 143}}