{"train_loss_step": 1.4358258247375488, "gpu_id: 0/memory.used (MB)": 18518.0, "epoch": 5, "trainer/global_step": 2375, "_timestamp": 1691583460.7769365, "_runtime": 4431.280768632889, "_step": 58, "train_loss_epoch": 0.9985069632530212, "pearson": 0.6431041955947876, "kendall": 0.4623972773551941, "spearman": 0.5950112342834473, "avg_loss": 1.60444974899292, "train_pearson": 0.8249940872192383, "train_kendall": 0.640864908695221, "train_spearman": 0.7875630259513855, "train_avg_loss": 0.906265377998352, "_wandb": {"runtime": 4430}}