{"train_loss_epoch": 1.074407696723938, "gpu_id: 0/memory.used (MB)": 13774.0, "epoch": 9, "trainer/global_step": 159, "_timestamp": 1690156507.3728175, "_runtime": 237.2937285900116, "_step": 22, "pearson": 0.4705963134765625, "kendall": 0.31335538625717163, "spearman": 0.4135304093360901, "avg_loss": 2.0302038192749023, "train_pearson": 0.7944989800453186, "train_kendall": 0.5713157653808594, "train_spearman": 0.716198742389679, "train_avg_loss": 0.989716112613678, "train_loss_step": 1.2356157302856445, "_wandb": {"runtime": 237}}