{"train_loss_epoch": 1.41313898563385, "gpu_id: 0/memory.used (MB)": 12915.0, "epoch": 4, "trainer/global_step": 79, "_timestamp": 1691234220.1275373, "_runtime": 213.91664123535156, "_step": 10, "pearson": 0.5057847499847412, "kendall": 0.331385999917984, "spearman": 0.43924930691719055, "avg_loss": 2.0503525733947754, "train_pearson": 0.758832573890686, "train_kendall": 0.5549019575119019, "train_spearman": 0.6997640132904053, "train_avg_loss": 1.1817617416381836, "train_loss_step": 1.922713041305542, "_wandb": {"runtime": 219}}