{"train_loss_epoch": 1.639162540435791, "gpu_id: 0/memory.used (MB)": 14397.0, "epoch": 3, "trainer/global_step": 63, "_timestamp": 1690148711.8654008, "_runtime": 97.49861168861389, "_step": 8, "pearson": 0.3970475494861603, "kendall": 0.2731335759162903, "spearman": 0.36595582962036133, "avg_loss": 3.2908153533935547, "train_pearson": 0.6690598726272583, "train_kendall": 0.5109783411026001, "train_spearman": 0.6523723006248474, "train_avg_loss": 2.5891647338867188, "train_loss_step": 1.945730447769165, "_wandb": {"runtime": 97}}