{"train_loss_epoch": 5.218771457672119, "gpu_id: 0/memory.used (MB)": 14368.0, "epoch": 4, "trainer/global_step": 79, "_timestamp": 1691960951.2172732, "_runtime": 209.87770223617554, "_step": 10, "pearson": 0.5008594393730164, "kendall": 0.3172042667865753, "spearman": 0.42060011625289917, "avg_loss": 6.829748153686523, "train_pearson": 0.7405086755752563, "train_kendall": 0.5333144664764404, "train_spearman": 0.6767202615737915, "train_avg_loss": 4.715487480163574, "train_loss_step": 10.16015338897705, "_wandb": {"runtime": 209}}