{"train_loss_epoch": 16.127635955810547, "gpu_id: 0/memory.used (MB)": 14376.0, "epoch": 3, "trainer/global_step": 63, "_timestamp": 1691960386.9622502, "_runtime": 167.11685729026794, "_step": 8, "pearson": 0.1372229903936386, "kendall": 0.10625217109918594, "spearman": 0.14318589866161346, "avg_loss": 17.250545501708984, "train_pearson": 0.17560403048992157, "train_kendall": 0.19897226989269257, "train_spearman": 0.2644086480140686, "train_avg_loss": 16.293367385864258, "train_loss_step": 24.655166625976562, "_wandb": {"runtime": 172}}