{"train_loss_epoch": 1.2330331802368164, "gpu_id: 0/memory.used (MB)": 14234.0, "epoch": 6, "trainer/global_step": 111, "_timestamp": 1690152340.2256734, "_runtime": 168.1591124534607, "_step": 15, "pearson": 0.3909495174884796, "kendall": 0.2848241627216339, "spearman": 0.37846261262893677, "avg_loss": 2.4954423904418945, "train_pearson": 0.7745264172554016, "train_kendall": 0.5921911597251892, "train_spearman": 0.7418369054794312, "train_avg_loss": 1.5442721843719482, "train_loss_step": 1.5284595489501953, "_wandb": {"runtime": 168}}