{"train_loss_epoch": 0.9964705109596252, "gpu_id: 0/memory.used (MB)": 16054.0, "epoch": 7, "trainer/global_step": 127, "_timestamp": 1690241284.0638568, "_runtime": 1044.3722927570343, "_step": 17, "pearson": 0.4888896346092224, "kendall": 0.327545166015625, "spearman": 0.4316793382167816, "avg_loss": 1.9844179153442383, "train_pearson": 0.83283931016922, "train_kendall": 0.635321855545044, "train_spearman": 0.7836844325065613, "train_avg_loss": 0.8441483378410339, "train_loss_step": 0.7497549057006836, "_wandb": {"runtime": 1044}}