{"train_loss_step": 1.2281376123428345, "gpu_id: 0/memory.used (MB)": 18636.0, "epoch": 3, "trainer/global_step": 1583, "_timestamp": 1691596003.7486765, "_runtime": 11899.949775457382, "_step": 38, "train_loss_epoch": 1.1340157985687256, "pearson": 0.6349502205848694, "kendall": 0.45696085691452026, "spearman": 0.5888909101486206, "avg_loss": 1.5731077194213867, "train_pearson": 0.7861317992210388, "train_kendall": 0.6046527028083801, "train_spearman": 0.7507038116455078, "train_avg_loss": 0.9753319025039673, "_wandb": {"runtime": 11900}}