{"train_loss_epoch": 1.4457981586456299, "gpu_id: 0/memory.used (MB)": 14611.0, "epoch": 5, "trainer/global_step": 95, "_timestamp": 1690145206.9242563, "_runtime": 140.22782921791077, "_step": 12, "pearson": 0.33179810643196106, "kendall": 0.21443112194538116, "spearman": 0.28878408670425415, "avg_loss": 2.4453916549682617, "train_pearson": 0.7498369216918945, "train_kendall": 0.5554709434509277, "train_spearman": 0.7036018371582031, "train_avg_loss": 1.5586367845535278, "train_loss_step": 2.343280792236328, "_wandb": {"runtime": 140}}