{"train_loss_step": 1.063734769821167, "gpu_id: 0/memory.used (MB)": 14345.0, "epoch": 3, "trainer/global_step": 1583, "_timestamp": 1691947149.794694, "_runtime": 3030.7463450431824, "_step": 38, "train_loss_epoch": 0.9725395441055298, "pearson": 0.6156632304191589, "kendall": 0.44006988406181335, "spearman": 0.5701882839202881, "avg_loss": 1.6655932664871216, "train_pearson": 0.8331770300865173, "train_kendall": 0.6621159315109253, "train_spearman": 0.8096172213554382, "train_avg_loss": 0.8424111604690552, "_wandb": {"runtime": 3030}}