{"train_loss_step": 1.505812168121338, "gpu_id: 0/memory.used (MB)": 18747.0, "epoch": 1, "trainer/global_step": 791, "_timestamp": 1690272300.3392224, "_runtime": 1459.2708594799042, "_step": 18, "train_loss_epoch": 1.3528387546539307, "pearson": 0.6239259839057922, "kendall": 0.43811413645744324, "spearman": 0.5669929385185242, "avg_loss": 1.6543984413146973, "train_pearson": 0.7399618625640869, "train_kendall": 0.5517616868019104, "train_spearman": 0.6986913084983826, "train_avg_loss": 1.2649296522140503, "_wandb": {"runtime": 1459}}