{"train_loss_epoch": 1.8182858228683472, "gpu_id: 0/memory.used (MB)": 12729.0, "epoch": 5, "trainer/global_step": 95, "_timestamp": 1691021613.2133775, "_runtime": 254.21231937408447, "_step": 12, "pearson": 0.4623148441314697, "kendall": 0.3142491281032562, "spearman": 0.41542840003967285, "avg_loss": 2.5829622745513916, "train_pearson": 0.7527377605438232, "train_kendall": 0.5695915818214417, "train_spearman": 0.7194322347640991, "train_avg_loss": 1.5190743207931519, "train_loss_step": 1.9011541604995728, "_wandb": {"runtime": 253}}