{"train_loss_epoch": 0.5064119696617126, "gpu_id: 0/memory.used (MB)": 14369.0, "epoch": 4, "trainer/global_step": 79, "_timestamp": 1691961909.5867207, "_runtime": 210.2570436000824, "_step": 10, "pearson": 0.4841960668563843, "kendall": 0.32140153646469116, "spearman": 0.4250737130641937, "avg_loss": 0.8356976509094238, "train_pearson": 0.7727431654930115, "train_kendall": 0.5650704503059387, "train_spearman": 0.710622251033783, "train_avg_loss": 0.46408408880233765, "train_loss_step": 0.7397154569625854, "_wandb": {"runtime": 210}}