{"train_loss_epoch": 1.6673215627670288, "gpu_id: 0/memory.used (MB)": 13674.0, "epoch": 6, "trainer/global_step": 111, "_timestamp": 1690175824.1406164, "_runtime": 158.9919354915619, "_step": 15, "pearson": 0.22506025433540344, "kendall": 0.1553056687116623, "spearman": 0.20742444694042206, "avg_loss": 2.3661975860595703, "train_pearson": 0.675456166267395, "train_kendall": 0.47822242975234985, "train_spearman": 0.6252840161323547, "train_avg_loss": 1.4756710529327393, "train_loss_step": 1.490524411201477, "_wandb": {"runtime": 158}}