{"train_loss_epoch": 16.12985610961914, "gpu_id: 0/memory.used (MB)": 14376.0, "epoch": 4, "trainer/global_step": 79, "_timestamp": 1691960173.9564424, "_runtime": 206.65755128860474, "_step": 10, "pearson": 0.12626659870147705, "kendall": 0.09807948023080826, "spearman": 0.1319386214017868, "avg_loss": 17.25054359436035, "train_pearson": 0.1588011384010315, "train_kendall": 0.18831436336040497, "train_spearman": 0.25063613057136536, "train_avg_loss": 16.293365478515625, "train_loss_step": 24.655166625976562, "_wandb": {"runtime": 206}}