{"train_loss_step": 0.5865908861160278, "gpu_id: 0/memory.used (MB)": 18654.0, "epoch": 6, "trainer/global_step": 2771, "_timestamp": 1691449225.09567, "_runtime": 5078.141277074814, "_step": 68, "train_loss_epoch": 0.9374381899833679, "pearson": 0.6441913843154907, "kendall": 0.46365007758140564, "spearman": 0.5964722633361816, "avg_loss": 1.6042355298995972, "train_pearson": 0.8288352489471436, "train_kendall": 0.6587517857551575, "train_spearman": 0.8055540919303894, "train_avg_loss": 0.9012779593467712, "_wandb": {"runtime": 5078}}