{"train_loss_epoch": 1.5696702003479004, "gpu_id: 0/memory.used (MB)": 12782.0, "epoch": 6, "trainer/global_step": 111, "_timestamp": 1690518580.424011, "_runtime": 295.7035210132599, "_step": 15, "pearson": 0.49635395407676697, "kendall": 0.34219998121261597, "spearman": 0.45012205839157104, "avg_loss": 2.9484729766845703, "train_pearson": 0.8259947896003723, "train_kendall": 0.6259047389030457, "train_spearman": 0.7750850319862366, "train_avg_loss": 1.3552135229110718, "train_loss_step": 2.321324348449707, "_wandb": {"runtime": 295}}