{"train_loss_step": 0.44923290610313416, "gpu_id: 0/memory.used (MB)": 18660.0, "epoch": 4, "trainer/global_step": 1599, "_timestamp": 1691572442.2991128, "_runtime": 3613.9341719150543, "_step": 39, "train_loss_epoch": 1.1143320798873901, "pearson": 0.6429327130317688, "kendall": 0.462374210357666, "spearman": 0.595231294631958, "avg_loss": 1.646755337715149, "train_pearson": 0.790244460105896, "train_kendall": 0.6110929846763611, "train_spearman": 0.7615232467651367, "train_avg_loss": 1.132815957069397, "_wandb": {"runtime": 3627}}