{"train_loss_epoch": 1.7968672513961792, "gpu_id: 0/memory.used (MB)": 13523.0, "epoch": 1, "trainer/global_step": 31, "_timestamp": 1690176516.6797645, "_runtime": 46.865063428878784, "_step": 3, "pearson": 0.4276493787765503, "kendall": 0.2677982747554779, "spearman": 0.3589407503604889, "avg_loss": 2.126500368118286, "train_pearson": 0.6700274348258972, "train_kendall": 0.42021074891090393, "train_spearman": 0.5401075482368469, "train_avg_loss": 1.4874587059020996, "_wandb": {"runtime": 49}}