{"train_loss_step": 0.6807719469070435, "gpu_id: 0/memory.used (MB)": 18605.0, "epoch": 9, "trainer/global_step": 3959, "_timestamp": 1690195791.4124413, "_runtime": 7410.713993310928, "_step": 98, "train_loss_epoch": 0.8459919095039368, "pearson": 0.6400147080421448, "kendall": 0.46018537878990173, "spearman": 0.5927183628082275, "avg_loss": 1.691841959953308, "train_pearson": 0.8453683853149414, "train_kendall": 0.6788011789321899, "train_spearman": 0.8253954648971558, "train_avg_loss": 0.9085308909416199, "_wandb": {"runtime": 7410}}