{"train_loss_epoch": 1.5053313970565796, "gpu_id: 0/memory.used (MB)": 14585.0, "epoch": 5, "trainer/global_step": 95, "_timestamp": 1690145939.7777128, "_runtime": 142.64519691467285, "_step": 12, "pearson": 0.27640286087989807, "kendall": 0.17687460780143738, "spearman": 0.23893602192401886, "avg_loss": 2.5777883529663086, "train_pearson": 0.7338933348655701, "train_kendall": 0.5460296869277954, "train_spearman": 0.6929442882537842, "train_avg_loss": 1.6392515897750854, "train_loss_step": 2.3949570655822754, "_wandb": {"runtime": 142}}