{"train_loss_epoch": 1.8268250226974487, "gpu_id: 0/memory.used (MB)": 13823.0, "epoch": 4, "trainer/global_step": 79, "_timestamp": 1690155792.2620409, "_runtime": 122.62096691131592, "_step": 10, "pearson": 0.28144076466560364, "kendall": 0.18856191635131836, "spearman": 0.2538841962814331, "avg_loss": 2.339305877685547, "train_pearson": 0.6409125924110413, "train_kendall": 0.4707922339439392, "train_spearman": 0.6067860722541809, "train_avg_loss": 1.5883255004882812, "train_loss_step": 2.5522632598876953, "_wandb": {"runtime": 122}}