{"train_loss_epoch": 1.7009358406066895, "gpu_id: 0/memory.used (MB)": 14302.0, "epoch": 5, "trainer/global_step": 95, "_timestamp": 1690153224.556871, "_runtime": 160.00606489181519, "_step": 12, "pearson": 0.2466839700937271, "kendall": 0.16314825415611267, "spearman": 0.2202216237783432, "avg_loss": 2.4640321731567383, "train_pearson": 0.7155682444572449, "train_kendall": 0.5300019383430481, "train_spearman": 0.6739389896392822, "train_avg_loss": 1.4998372793197632, "train_loss_step": 2.584108352661133, "_wandb": {"runtime": 160}}