{"train_loss_step": 1.1575895547866821, "gpu_id: 0/memory.used (MB)": 18475.0, "epoch": 3, "trainer/global_step": 1583, "_timestamp": 1691627497.5701637, "_runtime": 2900.3560876846313, "_step": 38, "train_loss_epoch": 1.12028968334198, "pearson": 0.6335458755493164, "kendall": 0.4551357924938202, "spearman": 0.5868028402328491, "avg_loss": 1.6256388425827026, "train_pearson": 0.7716837525367737, "train_kendall": 0.5965103507041931, "train_spearman": 0.7445037364959717, "train_avg_loss": 1.0849189758300781, "_wandb": {"runtime": 2901}}