{"train_loss_epoch": 0.49090906977653503, "gpu_id: 0/memory.used (MB)": 14368.0, "epoch": 6, "trainer/global_step": 111, "_timestamp": 1691960701.9193969, "_runtime": 291.6410069465637, "_step": 15, "pearson": 0.5284469127655029, "kendall": 0.337596595287323, "spearman": 0.4450914263725281, "avg_loss": 0.7887424230575562, "train_pearson": 0.8122736811637878, "train_kendall": 0.5829361081123352, "train_spearman": 0.7289522290229797, "train_avg_loss": 0.4141913950443268, "train_loss_step": 0.7248878479003906, "_wandb": {"runtime": 291}}