{"train_loss_step": 0.8451882600784302, "gpu_id: 0/memory.used (MB)": 17909.0, "epoch": 3, "trainer/global_step": 1583, "_timestamp": 1691634951.0013034, "_runtime": 2879.878703355789, "_step": 38, "train_loss_epoch": 1.109529972076416, "pearson": 0.6388183832168579, "kendall": 0.45791593194007874, "spearman": 0.5910158753395081, "avg_loss": 1.5734021663665771, "train_pearson": 0.7998897433280945, "train_kendall": 0.6199502348899841, "train_spearman": 0.7662725448608398, "train_avg_loss": 0.9292587041854858, "_wandb": {"runtime": 2880}}