{"train_loss_epoch": 1.2318949699401855, "gpu_id: 0/memory.used (MB)": 13846.0, "epoch": 4, "trainer/global_step": 79, "_timestamp": 1690155268.8951168, "_runtime": 119.34313082695007, "_step": 10, "pearson": 0.4162062108516693, "kendall": 0.27877119183540344, "spearman": 0.372345507144928, "avg_loss": 2.065474510192871, "train_pearson": 0.7789063453674316, "train_kendall": 0.5759141445159912, "train_spearman": 0.7235848307609558, "train_avg_loss": 1.0647145509719849, "train_loss_step": 1.2434422969818115, "_wandb": {"runtime": 119}}