{"train_loss_epoch": 1.0362709760665894, "gpu_id: 0/memory.used (MB)": 12745.0, "epoch": 6, "trainer/global_step": 111, "_timestamp": 1690518919.2939866, "_runtime": 296.0336215496063, "_step": 15, "pearson": 0.5027565956115723, "kendall": 0.33392533659935, "spearman": 0.4400002360343933, "avg_loss": 1.9046456813812256, "train_pearson": 0.8225919604301453, "train_kendall": 0.6209142208099365, "train_spearman": 0.7700183987617493, "train_avg_loss": 0.8700143098831177, "train_loss_step": 1.5133020877838135, "_wandb": {"runtime": 295}}