{"train_loss_epoch": 1.482287049293518, "gpu_id: 0/memory.used (MB)": 14321.0, "epoch": 4, "trainer/global_step": 79, "_timestamp": 1690150216.512976, "_runtime": 119.7656478881836, "_step": 10, "pearson": 0.37632474303245544, "kendall": 0.25682905316352844, "spearman": 0.34448474645614624, "avg_loss": 3.1190788745880127, "train_pearson": 0.7048885822296143, "train_kendall": 0.5370281934738159, "train_spearman": 0.6804524064064026, "train_avg_loss": 2.274627923965454, "train_loss_step": 2.1273179054260254, "_wandb": {"runtime": 119}}