{"train_loss_step": 0.780402660369873, "gpu_id: 0/memory.used (MB)": 18675.0, "epoch": 9, "trainer/global_step": 3959, "_timestamp": 1690239178.2922997, "_runtime": 7439.866993665695, "_step": 98, "train_loss_epoch": 0.8371809124946594, "pearson": 0.6473946571350098, "kendall": 0.4657396376132965, "spearman": 0.5988239645957947, "avg_loss": 1.54085373878479, "train_pearson": 0.8517935276031494, "train_kendall": 0.6831710934638977, "train_spearman": 0.8286322355270386, "train_avg_loss": 0.753451943397522, "_wandb": {"runtime": 7439}}