{"train_loss_epoch": 0.8911668062210083, "gpu_id: 0/memory.used (MB)": 14450.0, "epoch": 9, "trainer/global_step": 159, "_timestamp": 1690149555.5616364, "_runtime": 238.51663637161255, "_step": 22, "pearson": 0.42652595043182373, "kendall": 0.29163941740989685, "spearman": 0.38776084780693054, "avg_loss": 2.121908664703369, "train_pearson": 0.8461751937866211, "train_kendall": 0.6485522985458374, "train_spearman": 0.7938780784606934, "train_avg_loss": 0.8927928805351257, "train_loss_step": 1.3561211824417114, "_wandb": {"runtime": 237}}